<core:FragmentDefinition xmlns:mvc="sap.ui.core.mvc" xmlns:layout="sap.ui.layout" xmlns="sap.m" xmlns:table="sap.ui.table" xmlns:f="sap.ui.layout.form" xmlns:core="sap.ui.core">
    <VBox class="Tableborder">
        <Table id="idApproverTable" inset="false" items="{path : 'AppModel>/ApproverTable' , sorter:{ path: 'ZZSCPC_SEQ' }}">
            <columns>
                <Column minScreenWidth="Tablet" demandPopin="true">
                    <Text text="{i18n>ApproveLevel}" class="HeaderColumnBold" />
                </Column>
                <Column minScreenWidth="Tablet" demandPopin="true">
                    <Text text="{i18n>Title}" class="HeaderColumnBold" />
                </Column>
                <Column minScreenWidth="Desktop" demandPopin="true">
                    <Text text="{i18n>ApproverName}" class="HeaderColumnBold" />
                </Column>
                <Column minScreenWidth="Desktop" demandPopin="true">
                    <Text text="{i18n>SkipApprover}" class="HeaderColumnBold" />
                </Column>
                <Column minScreenWidth="Desktop" demandPopin="true">
                    <Text text="{i18n>ApprovalStatus}" class="HeaderColumnBold" />
                </Column>
                <Column minScreenWidth="Desktop" demandPopin="true">
                    <Text text="{i18n>ApprovalDate}" class="HeaderColumnBold" />
                </Column>
                <!-- <Column minScreenWidth="Tablet" demandPopin="true">
                    <Text text="{i18n>Comments}" class="HeaderColumnBold" />
                </Column> -->
            </columns>
            <items>
                <ColumnListItem vAlign="Middle">
                    <cells>
                        <Text text="{AppModel>ZZSCPC_SEQ}" />
                        <Text text="{AppModel>Plstx}" />
                        <Text text="{AppModel>ZzscpcApproverName}" />
                        <!-- <Text text="{AppModel>ZzscSkip}" /> -->
                        <CheckBox select="onSkipSelect" selected="{= ${AppModel>ZzscSkip} === '' ? false : true}" enabled="{= ${AppModel>ZzscpcAppstat} === ''  &amp;&amp; ${AppModel>ZzscpcSkipFlag} === '1'}" />
                        <Text text="{= ${AppModel>ZzscpcAppstat} === 'A' ? 'Approved' : ${AppModel>ZzscpcAppstat} === 'R' ? 'Rejected' : '' }" />
                        <Text text="{ path: 'AppModel>ZzscpcCdate', type: 'sap.ui.model.type.Date',
                                        formatOptions: {
                                        pattern: 'dd/MM/yyyy'
                                    }}" />
                        <!-- <Text text="{AppModel>ZzscCommentUrl}" /> -->
                    </cells>
                </ColumnListItem>
            </items>
        </Table>

        <!-- <table:Table id="idApproverTable" rows="{AppModel>/ApproverTable}" selectionMode="None" ariaLabelledBy="title">
                            
                            <table:columns>
                                <table:Column>
                                    <Label text="{i18n>ApproveLevel}" />
                                    <table:template>
                                        <Text text="{AppModel>ZzscpcLevel}" wrapping="false" />
                                    </table:template>
                                </table:Column>
                                <table:Column>
                                    <Label text="{i18n>Title}" />
                                    <table:template>
                                        <Text text="{AppModel>Plstx}"/>
                                    </table:template>
                                </table:Column>
                                <table:Column>
                                    <Label text="{i18n>ApproverName}" />
                                    <table:template>
                                        <Text text="{AppModel>ZzscpcApprover}"/>
                                    </table:template>
                                </table:Column>
                                <table:Column >
                                    <Label text="{i18n>SkipApprover}" />
                                    <table:template>
                                        <Text text="{AppModel>ZzscSkip}"/>
                                    </table:template>
                                </table:Column>
                                <table:Column>
                                    <Label text="{i18n>ApprovalStatus}" />
                                    <table:template>
                                        <Text text="{path:'AppModel>ZzscpcAppstat'}"/>
                                    </table:template>
                                </table:Column>
                                
                                <table:Column >
                                    <Label text="{i18n>ApprovalDate}" />
                                    <table:template>
                                        <Text text="{path:'AppModel>PcCreateDate',formatter:'.formatter.DisplayDateFormat'}"/>
                                    </table:template>
                                </table:Column>
                                <table:Column >
                                    <Label text="{i18n>Comments}" />
                                    <table:template>
                                        <Text text="{AppModel>ZzscCommentUrl}"/>
                                    </table:template>
                                </table:Column>
                               
                            </table:columns>
                        </table:Table> -->
    </VBox>

    <!-- <Link text="{i18n>Comments}" href="{AppModel>/ApproverComment/0/ZzscCommentUrl}" target="_blank" class="sapUiMediumMarginTop"/> -->
</core:FragmentDefinition>
