<core:FragmentDefinition xmlns:mvc="sap.ui.core.mvc" xmlns:layout="sap.ui.layout" xmlns="sap.m" xmlns:f="sap.ui.layout.form" xmlns:core="sap.ui.core">
    <UploadCollection id="UploadCollection" change="onChange" mode="SingleSelectMaster" uploadComplete="onUploadComplete" beforeUploadStarts="onBeforeUploadStarts" items="{
					path: 'AppModel>/AttachmentTab',
					templateShareable: false
				}">
        <items>
            <UploadCollectionItem documentId="{AppModel>ZzscArchId}" fileName="{AppModel>ZzscFilename}" mimeType="{AppModel>ZzscArchDocClass}" url="{AppModel>ZzscUrl}" visibleEdit="false" visibleDelete="false">
                <attributes>
                    <ObjectAttribute title="Created by" text="{AppModel>ZzscCreateBy}" />
                </attributes>
                <statuses>
                    <ObjectStatus title="Created on" text="{path: 'AppModel>ZzscCreateDate', type: 'sap.ui.model.type.Date',
                                        formatOptions: {
                                        pattern: 'dd/MM/yyyy'
                                    }}" />
                </statuses>
            </UploadCollectionItem>
        </items>
    </UploadCollection>
</core:FragmentDefinition>
