<core:FragmentDefinition
    xmlns:mvc="sap.ui.core.mvc"
    xmlns:layout="sap.ui.layout"
    xmlns="sap.m"
    xmlns:f="sap.ui.layout.form"
    xmlns:core="sap.ui.core"
    xmlns:goals="sap.uxap.sample.SharedBlocks.goals"
    xmlns:personal="sap.uxap.sample.SharedBlocks.personal"
    xmlns:employment="sap.uxap.sample.SharedBlocks.employment"
    xmlns:connections="sap.uxap.sample.SharedBlocks.connections"
>
    <f:Form id="FormDisplay480_12120" editable="false">
        <f:layout>
            <f:ResponsiveGridLayout labelSpanXL="4" labelSpanL="7" labelSpanM="12" labelSpanS="12" adjustLabelSpan="false" emptySpanXL="0" emptySpanL="0" emptySpanM="0" emptySpanS="0" columnsXL="2" columnsL="3" columnsM="1" singleContainerFullSize="false" />
        </f:layout>
        <f:formContainers>
            <f:FormContainer>
                <f:formElements>
                    <f:FormElement label="{i18n>SiteCode}">
                        <f:fields>
                            <Text text="{AppModel>/HeaderForm/Zzsitecd}" />
                        </f:fields>
                    </f:FormElement>
                    <f:FormElement label="{i18n>}PaymentResoponseID">
                        <f:fields>
                            <Text text="{AppModel>/HeaderForm/ZzscPymRespnId}" />
                        </f:fields>
                    </f:FormElement>
                    <f:FormElement label="{i18n>ProjectTitle}">
                        <f:fields>
                            <Text text="{AppModel>/HeaderForm/ZSC_PROJ_title}" />
                        </f:fields>
                    </f:FormElement>
                    <f:FormElement label="{i18n>Sub-Contractor}">
                        <f:fields>
                            <Text text="{AppModel>/HeaderForm/ZzscSubconName}" />
                        </f:fields>
                    </f:FormElement>
                    <f:FormElement label="{i18n>Sub-ContractWork}">
                        <f:fields>
                            <Text text="{AppModel>/HeaderForm/ZzscWorksTitle}" />
                        </f:fields>
                    </f:FormElement>
                    <f:FormElement label="{i18n>Sub-ContractRef}">
                        <f:fields>
                            <Text text="{AppModel>/HeaderForm/ZzscContractRef}" />
                        </f:fields>
                    </f:FormElement>
                </f:formElements>
            </f:FormContainer>
            <f:FormContainer>
                <f:formElements>
                    <f:FormElement label="{i18n>ClaimRefNo}">
                        <f:fields>
                            <Text text="{AppModel>/HeaderForm/ZzscContractRef}" />
                        </f:fields>
                    </f:FormElement>
                    <f:FormElement label="{i18n>ClaimReceiptDate}">
                        <f:fields>
                            <Text text="{AppModel>/HeaderForm/ZzscContractRef}" />
                        </f:fields>
                    </f:FormElement>
                    <f:FormElement label="{i18n>Sub-ContractDateofPayment}">
                        <f:fields>
                            <Text text="{ path: 'AppModel>/HeaderForm/ZzscPymDate', type: 'sap.ui.model.type.Date',
                                        formatOptions: {
                                            pattern: 'dd/MM/yyyy'
                                        }}" />
                        </f:fields>
                    </f:FormElement>
                    <f:FormElement label="{i18n>ClaimPeriod}">
                        <f:fields>
                            <Text text="{ path: 'AppModel>/HeaderForm/ZzscPymDate', type: 'sap.ui.model.type.Date',
                                        formatOptions: {
                                            pattern: 'dd/MM/yyyy'
                                        }}" />
                        </f:fields>
                    </f:FormElement>
                    <f:FormElement label="{i18n>PaymentResoponseNo}">
                        <f:fields>
                            <Text text="{AppModel>/HeaderForm/ZzscPymRespnNo}" />
                        </f:fields>
                    </f:FormElement>
                    <f:FormElement label="{i18n>UrgentPayment}">
                        <f:fields>
                            <Text text="{AppModel>/HeaderForm/ZzscPymRespnNo}" />
                        </f:fields>
                    </f:FormElement>
                    <f:FormElement label="{i18n>Remarks}">
                        <f:fields>
                            <Text text="{AppModel>/HeaderForm/ZzscRemarks}" />
                        </f:fields>
                    </f:FormElement>
                </f:formElements>
            </f:FormContainer>
            <f:FormContainer>
                <f:formElements>
                    <f:FormElement label="{i18n>VendorCode}">
                        <f:fields>
                            <Text text="{AppModel>/HeaderForm/ZzscRemarks}" />
                        </f:fields>
                    </f:FormElement>
                    <f:FormElement label="{i18n>SAPMIGONo}">
                        <f:fields>
                            <Text text="{AppModel>/HeaderForm/ZzscGrNumber}" />
                        </f:fields>
                    </f:FormElement>
                    <f:FormElement label="{i18n>DONo}">
                        <f:fields>
                            <Text text="{AppModel>/HeaderForm/ZzscDoNumber}" />
                        </f:fields>
                    </f:FormElement>
                    <f:FormElement label="{i18n>ProjectDefination}">
                        <f:fields>
                            <Text text="{AppModel>/HeaderForm/ZscProjTitle}" />
                        </f:fields>
                    </f:FormElement>
                    <f:FormElement label="{i18n>PaymentTermdays}">
                        <f:fields>
                            <Text text="{AppModel>/HeaderForm/ZzscPaymTerms}" />
                        </f:fields>
                    </f:FormElement>
                    <f:FormElement label="{i18n>PaymentDueDate}">
                        <f:fields>
                            <Text text="{ path: 'AppModel>/HeaderForm/ZzscPymDueDate', type: 'sap.ui.model.type.Date',
                                        formatOptions: {
                                            pattern: 'dd/MM/yyyy'
                                        }}" />
                        </f:fields>
                    </f:FormElement>
                    <f:FormElement label="{i18n>Preparer}">
                        <f:fields>
                            <Text text="{AppModel>/HeaderForm/ZzscCreateBy}" />
                        </f:fields>
                    </f:FormElement>
                    <f:FormElement label="{i18n>HeaderText}">
                        <f:fields>
                            <Text text="{AppModel>/HeaderForm/ZzscHeaderText}" />
                        </f:fields>
                    </f:FormElement>
                </f:formElements>
            </f:FormContainer>
        </f:formContainers>
    </f:Form>
</core:FragmentDefinition>
