<core:FragmentDefinition xmlns:mvc="sap.ui.core.mvc" xmlns:layout="sap.ui.layout" xmlns="sap.m" xmlns:f="sap.ui.layout.form" xmlns:core="sap.ui.core">
    <VBox class="Tableborder">
        <Table inset="false" items="{AppModel>/HeaderTable1}">
            <columns>
                <Column width="5rem" minScreenWidth="Tablet" demandPopin="true">
                    <Text text="{i18n>S/N}" class="HeaderColumnBold" />
                </Column>
                <Column minScreenWidth="Tablet" demandPopin="true">
                    <Text text="{i18n>Description}" class="HeaderColumnBold" />
                </Column>
                <Column width="15rem" minScreenWidth="Desktop" demandPopin="true">
                    <Text text="{i18n>Sub-ContractVariationOrderAmount}" class="HeaderColumnBold" />
                </Column>
                <Column minScreenWidth="Desktop" demandPopin="true">
                    <Text text="{i18n>ResponseAmtPreviousMonth}" class="HeaderColumnBold" />
                </Column>
                <Column minScreenWidth="Desktop" demandPopin="true">
                    <Text text="{i18n>ResponseAmtThisMonth}" class="HeaderColumnBold" />
                </Column>
                <Column minScreenWidth="Desktop" demandPopin="true">
                    <Text text="{i18n>ResponseAmtAccumulative}" class="HeaderColumnBold" />
                </Column>
                <Column minScreenWidth="Tablet" demandPopin="true">
                    <Text text="{i18n>Sub-ContractorClaimAmount}" class="HeaderColumnBold" />
                </Column>
                <Column minScreenWidth="Tablet" demandPopin="true">
                    <Text text="{i18n>Difference}" class="HeaderColumnBold" />
                </Column>
            </columns>
            <items>
                <ColumnListItem vAlign="Middle">
                    <cells>
                        <Text text="{AppModel>ZzscSection}" />
                        <Text text="{AppModel>ZzscDescription}" />
                        <Text text="{AppModel>ZzscVoAmt}" />
                        <Text text="{AppModel>ZzscRespnAmtPrev}" />
                        <Text text="{AppModel>ZzscRespnAmtCurr}" />
                        <Text text="{AppModel>ZzscRespnAmtAccu}" />
                        <Text text="{AppModel>ZzscClaimAmt}" />
                        <Text text="{AppModel>ZzscDifference}" />
                    </cells>
                </ColumnListItem>
            </items>
        </Table>
    </VBox>
    <VBox height="2rem" />
    <VBox class="Tableborder">
        <Table inset="false" items="{AppModel>/HeaderTable2}">
            <columns>
                <Column width="5rem" minScreenWidth="Tablet" demandPopin="true">
                    <Text text="{i18n>S/N}" class="HeaderColumnBold" />
                </Column>
                <Column minScreenWidth="Tablet" demandPopin="true">
                    <Text text="{i18n>Description}" class="HeaderColumnBold" />
                </Column>
                <Column width="15rem" minScreenWidth="Desktop" demandPopin="true">
                    <Text text="{i18n>Sub-ContractVariationOrderAmount}" class="HeaderColumnBold" />
                </Column>
                <Column minScreenWidth="Desktop" demandPopin="true">
                    <Text text="{i18n>ResponseAmtPreviousMonth}" class="HeaderColumnBold" />
                </Column>
                <Column minScreenWidth="Desktop" demandPopin="true">
                    <Text text="{i18n>ResponseAmtThisMonth}" class="HeaderColumnBold" />
                </Column>
                <Column minScreenWidth="Desktop" demandPopin="true">
                    <Text text="{i18n>ResponseAmtAccumulative}" class="HeaderColumnBold" />
                </Column>
                <Column minScreenWidth="Tablet" demandPopin="true">
                    <Text text="{i18n>Sub-ContractorClaimAmount}" class="HeaderColumnBold" />
                </Column>
                <Column minScreenWidth="Tablet" demandPopin="true">
                    <Text text="{i18n>Difference}" class="HeaderColumnBold" />
                </Column>
            </columns>
            <items>
                <ColumnListItem vAlign="Middle">
                    <cells>
                        <!-- <ObjectIdentifier title="{AppModel>ZzscSection}" /> -->
                        <Text text="{AppModel>ZzscSection}" />
                        <Text text="{AppModel>ZzscDescription}" />
                        <Text text="{AppModel>ZzscVoAmt}" />
                        <Text text="{AppModel>ZzscRespnAmtPrev}" />
                        <Text text="{AppModel>ZzscRespnAmtCurr}" />
                        <Text text="{AppModel>ZzscRespnAmtAccu}" />
                        <Text text="{AppModel>ZzscClaimAmt}" />
                        <Text text="{AppModel>ZzscDifference}" />
                    </cells>
                </ColumnListItem>
            </items>
        </Table>
    </VBox>
    <VBox height="2rem" />
    <VBox class="Tableborder">
        <Table inset="false" items="{AppModel>/HeaderTable3}">
            <columns>
                <Column width="5rem" minScreenWidth="Tablet" demandPopin="true">
                    <Text text="{i18n>S/N}" class="HeaderColumnBold" />
                </Column>
                <Column minScreenWidth="Tablet" demandPopin="true">
                    <Text text="{i18n>Description}" class="HeaderColumnBold" />
                </Column>
                <Column width="15rem" minScreenWidth="Desktop" demandPopin="true">
                    <Text text="{i18n>Sub-ContractVariationOrderAmount}" class="HeaderColumnBold" />
                </Column>
                <Column minScreenWidth="Desktop" demandPopin="true">
                    <Text text="{i18n>ResponseAmtPreviousMonth}" class="HeaderColumnBold" />
                </Column>
                <Column minScreenWidth="Desktop" demandPopin="true">
                    <Text text="{i18n>ResponseAmtThisMonth}" class="HeaderColumnBold" />
                </Column>
                <Column minScreenWidth="Desktop" demandPopin="true">
                    <Text text="{i18n>ResponseAmtAccumulative}" class="HeaderColumnBold" />
                </Column>
                <Column minScreenWidth="Tablet" demandPopin="true">
                    <Text text="{i18n>Sub-ContractorClaimAmount}" class="HeaderColumnBold" />
                </Column>
                <Column minScreenWidth="Tablet" demandPopin="true">
                    <Text text="{i18n>Difference}" class="HeaderColumnBold" />
                </Column>
            </columns>
            <items>
                <ColumnListItem vAlign="Middle">
                    <cells>
                        <!-- <ObjectIdentifier title="{AppModel>ZzscSection}" /> -->
                        <Text text="{AppModel>ZzscSection}" />
                        <Text text="{AppModel>ZzscDescription}" />
                        <Text text="{AppModel>ZzscVoAmt}" />
                        <Text text="{AppModel>ZzscRespnAmtPrev}" />
                        <Text text="{AppModel>ZzscRespnAmtCurr}" />
                        <Text text="{AppModel>ZzscRespnAmtAccu}" />
                        <Text text="{AppModel>ZzscClaimAmt}" />
                        <Text text="{AppModel>ZzscDifference}" />
                    </cells>
                </ColumnListItem>
            </items>
        </Table>
    </VBox>
    <VBox height="2rem" />
    <VBox class="Tableborder">
        <Table inset="false" items="{AppModel>/HeaderTable4}">
            <columns>
                <Column width="5rem" minScreenWidth="Tablet" demandPopin="true">
                    <Text text="{i18n>S/N}" class="HeaderColumnBold" />
                </Column>
                <Column minScreenWidth="Tablet" demandPopin="true">
                    <Text text="{i18n>Description}" class="HeaderColumnBold" />
                </Column>
                <Column width="15rem" minScreenWidth="Desktop" demandPopin="true">
                    <Text text="{i18n>Sub-ContractVariationOrderAmount}" class="HeaderColumnBold" />
                </Column>
                <Column minScreenWidth="Desktop" demandPopin="true">
                    <Text text="{i18n>ResponseAmtPreviousMonth}" class="HeaderColumnBold" />
                </Column>
                <Column minScreenWidth="Desktop" demandPopin="true">
                    <Text text="{i18n>ResponseAmtThisMonth}" class="HeaderColumnBold" />
                </Column>
                <Column minScreenWidth="Desktop" demandPopin="true">
                    <Text text="{i18n>ResponseAmtAccumulative}" class="HeaderColumnBold" />
                </Column>
                <Column minScreenWidth="Tablet" demandPopin="true">
                    <Text text="{i18n>Sub-ContractorClaimAmount}" class="HeaderColumnBold" />
                </Column>
                <Column minScreenWidth="Tablet" demandPopin="true">
                    <Text text="{i18n>Difference}" class="HeaderColumnBold" />
                </Column>
            </columns>
            <items>
                <ColumnListItem vAlign="Middle">
                    <cells>
                        <!-- <ObjectIdentifier title="{AppModel>ZzscSection}" /> -->
                        <Text text="{AppModel>ZzscSection}" />
                        <Text text="{AppModel>ZzscDescription}" />
                        <Text text="{AppModel>ZzscVoAmt}" />
                        <Text text="{AppModel>ZzscRespnAmtPrev}" />
                        <Text text="{AppModel>ZzscRespnAmtCurr}" />
                        <Text text="{AppModel>ZzscRespnAmtAccu}" />
                        <Text text="{AppModel>ZzscClaimAmt}" />
                        <Text text="{AppModel>ZzscDifference}" />
                    </cells>
                </ColumnListItem>
            </items>
        </Table>
    </VBox>
</core:FragmentDefinition>
