<core:FragmentDefinition xmlns:mvc="sap.ui.core.mvc" xmlns:layout="sap.ui.layout" xmlns="sap.m" xmlns:f="sap.ui.layout.form" xmlns:core="sap.ui.core">
    <VBox class="Tableborder">
        <Table inset="false" items="{AppModel>/InvoiceTable}">
            <columns>
                <Column minScreenWidth="Tablet" demandPopin="true">
                    <Text text="{i18n>SAPDocumentNo}" class="HeaderColumnBold" />
                </Column>
                <Column minScreenWidth="Tablet" demandPopin="true">
                    <Text text="{i18n>InvoiceDate}" class="HeaderColumnBold" />
                </Column>
                <Column minScreenWidth="Desktop" demandPopin="true">
                    <Text text="{i18n>InvoiceAmount}" class="HeaderColumnBold" />
                </Column>
                <Column minScreenWidth="Desktop" demandPopin="true">
                    <Text text="{i18n>TextOfDocType}" class="HeaderColumnBold" />
                </Column>
            </columns>
            <items>
                <ColumnListItem vAlign="Middle">
                    <cells>
                        <Link text="{AppModel>Belnr}" target="{AppModel>Url}" press="onLinkClick" />

                        <Text text="{ path: 'AppModel>Budat', type: 'sap.ui.model.type.Date',
                                        formatOptions: {
                                        pattern: 'dd/MM/yyyy'
                                    }}" />
                        <Text text="{AppModel>Wrbtr}" />
                        <Text text="{AppModel>ZzscDocType}" />
                    </cells>
                </ColumnListItem>
            </items>
        </Table>
    </VBox>
</core:FragmentDefinition>
